{"type_code": 1, "count": [2624, 4242, 3520, 4771, 4320, 4966, 6091, 6068, 6350, 9270, 28636, 6712, 6368, 7060, 8468, 9549, 8056, 10440, 8863, 16485], "bucket": [0.0, 0.05, 0.1, 0.15000000000000002, 0.2, 0.25, 0.30000000000000004, 0.35000000000000003, 0.4, 0.45, 0.5, 0.55, 0.6000000000000001, 0.65, 0.7000000000000001, 0.75, 0.8, 0.8500000000000001, 0.9, 0.9500000000000001, 1.0]}
{"type_code": 2, "count": [38, 76, 57, 82, 87, 84, 104, 93, 126, 178, 593, 102, 144, 150, 123, 141, 130, 206, 151, 201], "bucket": [2.480208818322893e-07, 0.04999858414271961, 0.09999692026455739, 0.14999525638639516, 0.19999359250823295, 0.24999192863007075, 0.2999902647519085, 0.3499886008737463, 0.3999869369955841, 0.44998527311742187, 0.49998360923925966, 0.5499819453610975, 0.5999802814829351, 0.6499786176047729, 0.6999769537266107, 0.7499752898484485, 0.7999736259702863, 0.8499719620921241, 0.8999702982139619, 0.9499686343357997, 0.9999669704576374]}
{"type_code": 3, "count": [248, 425, 361, 460, 473, 536, 619, 662, 644, 2245, 1218, 763, 785, 826, 1084, 876, 1007, 1528, 1221, 2972], "bucket": [1.7785615746834793e-07, 0.05000016896334959, 0.10000016007054172, 0.15000015117773385, 0.20000014228492596, 0.2500001333921181, 0.30000012449931024, 0.35000011560650235, 0.40000010671369446, 0.45000009782088657, 0.5000000889280787, 0.5500000800352708, 0.600000071142463, 0.6500000622496551, 0.7000000533568472, 0.7500000444640393, 0.8000000355712314, 0.8500000266784236, 0.9000000177856157, 0.9500000088928078, 1.0]}
{"type_code": 4, "count": [2654, 3667, 3467, 4882, 4030, 5023, 6990, 5410, 5501, 7824, 22580, 5469, 5561, 6388, 8257, 6559, 7742, 9879, 9031, 18346], "bucket": [0.0, 0.05, 0.1, 0.15000000000000002, 0.2, 0.25, 0.30000000000000004, 0.35000000000000003, 0.4, 0.45, 0.5, 0.55, 0.6000000000000001, 0.65, 0.7000000000000001, 0.75, 0.8, 0.8500000000000001, 0.9, 0.9500000000000001, 1.0]}
{"type_code": 5, "count": [502, 682, 599, 707, 740, 867, 862, 957, 1007, 3518, 1862, 1000, 1125, 1280, 1623, 1215, 1616, 2200, 1966, 3631], "bucket": [2.2755353157322133e-11, 0.050000000021617585, 0.10000000002047982, 0.15000000001934205, 0.20000000001820428, 0.2500000000170665, 0.30000000001592875, 0.350000000014791, 0.4000000000136532, 0.45000000001251544, 0.5000000000113777, 0.5500000000102399, 0.6000000000091021, 0.6500000000079644, 0.7000000000068266, 0.7500000000056888, 0.8000000000045511, 0.8500000000034134, 0.9000000000022755, 0.9500000000011377, 1.0]}
{"type_code": 6, "count": [20490, 26899, 22098, 29359, 27602, 29986, 36205, 36477, 36808, 50486, 143540, 35050, 32538, 39124, 38106, 33151, 38540, 48618, 39380, 67277], "bucket": [0.0, 0.05, 0.1, 0.15000000000000002, 0.2, 0.25, 0.30000000000000004, 0.35000000000000003, 0.4, 0.45, 0.5, 0.55, 0.6000000000000001, 0.65, 0.7000000000000001, 0.75, 0.8, 0.8500000000000001, 0.9, 0.9500000000000001, 1.0]}
{"type_code": 7, "count": [3555, 4019, 3588, 4512, 4248, 4837, 5937, 5691, 5546, 7312, 20899, 5432, 5327, 5710, 6078, 5301, 5949, 7244, 6299, 9316], "bucket": [0.0, 0.05, 0.1, 0.15000000000000002, 0.2, 0.25, 0.30000000000000004, 0.35000000000000003, 0.4, 0.45, 0.5, 0.55, 0.6000000000000001, 0.65, 0.7000000000000001, 0.75, 0.8, 0.8500000000000001, 0.9, 0.9500000000000001, 1.0]}
{"type_code": 8, "count": [2248, 2493, 2373, 2586, 2452, 3096, 3830, 3166, 3016, 4389, 13572, 2849, 2662, 3063, 3208, 2535, 2700, 3379, 2754, 3523], "bucket": [0.0, 0.05, 0.1, 0.15000000000000002, 0.2, 0.25, 0.30000000000000004, 0.35000000000000003, 0.4, 0.45, 0.5, 0.55, 0.6000000000000001, 0.65, 0.7000000000000001, 0.75, 0.8, 0.8500000000000001, 0.9, 0.9500000000000001, 1.0]}
{"type_code": 9, "count": [1510, 2184, 1927, 2575, 2355, 2735, 3085, 3107, 3214, 4552, 14912, 3356, 3310, 3326, 3908, 3516, 3528, 6468, 3799, 10787], "bucket": [0.0, 0.05, 0.1, 0.15000000000000002, 0.2, 0.25, 0.30000000000000004, 0.35000000000000003, 0.4, 0.45, 0.5, 0.55, 0.6000000000000001, 0.65, 0.7000000000000001, 0.75, 0.8, 0.8500000000000001, 0.9, 0.9500000000000001, 1.0]}
